Date,open,high,low,close,volume,Revenue,NetIncome,TotalAssets,TotalDebt,Equity,Cash,PE,EPS,BookValue,SharesOutstanding,Ticker,Debt_Equity,ROA,ROE,Label
2025-09-30,83.9863059852033,124.69999694824219,77.0066170715382,111.0,35902605,234447000.0,50082000.0,,,,,57.033905,0.59,5.569,648515470,FISCHER.NS,,,,0
2025-12-31,112.0999984741211,121.69999694824219,40.790000915527344,41.619998931884766,124737249,1010952000.0,192348000.0,,,,,57.033905,0.59,5.569,648515470,FISCHER.NS,,,,0
2026-03-31,42.29999923706055,46.43000030517578,32.90999984741211,33.650001525878906,79842037,1010952000.0,192348000.0,,,,,57.033905,0.59,5.569,648515470,FISCHER.NS,,,,0
2021-03-31,612.9361397879464,744.941630888676,553.7354503884706,599.0328979492188,1006959,1010952000.0,192348000.0,,,,,20.172258,11.03,172.079,9541920,NURECA.NS,,,,1
2021-06-30,607.0559163824876,1785.9860990274283,581.0435288731297,1579.3818359375,3440547,1010952000.0,192348000.0,,,,,20.172258,11.03,172.079,9541920,NURECA.NS,,,,1
2021-09-30,1589.647214286489,1990.1486559403343,1521.8754436592349,1620.936279296875,1226708,1010952000.0,192348000.0,,,,,20.172258,11.03,172.079,9541920,NURECA.NS,,,,1
2021-12-31,1606.5669604027985,2310.063533640696,1347.1212994997754,2000.724609375,2945910,1010952000.0,192348000.0,,,,,20.172258,11.03,172.079,9541920,NURECA.NS,,,,0
2022-03-31,2045.6285634169233,2140.425984648439,1281.0,1368.1500244140625,1670051,1010952000.0,192348000.0,,,,,20.172258,11.03,172.079,9541920,NURECA.NS,,,,0
2022-06-30,1375.0,1448.949951171875,940.0,990.25,983741,1010952000.0,192348000.0,,,,,20.172258,11.03,172.079,9541920,NURECA.NS,,,,0
2022-09-30,1002.7000122070312,1135.949951171875,862.25,887.4500122070312,5356524,1010952000.0,192348000.0,,,,,20.172258,11.03,172.079,9541920,NURECA.NS,,,,0
2022-12-31,894.0,924.7999877929688,483.70001220703125,498.1499938964844,14820406,1010952000.0,192348000.0,,,,,20.172258,11.03,172.079,9541920,NURECA.NS,,,,0
2023-03-31,500.95001220703125,503.20001220703125,295.1000061035156,299.54998779296875,24960892,1010952000.0,192348000.0,,,,,20.172258,11.03,172.079,9541920,NURECA.NS,,,,1
2023-06-30,304.0,443.8999938964844,304.0,367.45001220703125,10508639,1010952000.0,192348000.0,,,,,20.172258,11.03,172.079,9541920,NURECA.NS,,,,0
2023-09-30,351.3999938964844,383.70001220703125,311.0,336.04998779296875,1095632,1010952000.0,192348000.0,,,,,20.172258,11.03,172.079,9541920,NURECA.NS,,,,1
2023-12-31,341.8999938964844,468.79998779296875,325.3999938964844,427.8999938964844,11617141,1010952000.0,192348000.0,,,,,20.172258,11.03,172.079,9541920,NURECA.NS,,,,0
2024-03-31,427.8999938964844,440.0,253.5,255.3000030517578,2203023,1010952000.0,192348000.0,,,,,20.172258,11.03,172.079,9541920,NURECA.NS,,,,1
2024-06-30,263.0,302.0,240.0,268.8999938964844,1760123,1010952000.0,192348000.0,,,,,20.172258,11.03,172.079,9541920,NURECA.NS,,,,1
2024-09-30,270.0,405.0,260.1499938964844,364.1499938964844,4556135,311890000.0,-4820000.0,2149550000.0,53050000.0,1943080000.0,22350000.0,20.172258,11.03,172.079,9541920,NURECA.NS,0.027302015357061983,-0.002242329789956037,-0.002480597813780184,0
2024-12-31,361.3999938964844,367.95001220703125,264.20001220703125,282.95001220703125,1083955,264630000.0,-28010000.0,2149550000.0,53050000.0,1943080000.0,22350000.0,20.172258,11.03,172.079,9541920,NURECA.NS,0.027302015357061983,-0.002242329789956037,-0.002480597813780184,0
2025-03-31,284.3999938964844,447.5,206.82000732421875,211.47999572753906,6064771,317400000.0,24670000.0,2099760000.0,49660000.0,1942840000.0,32410000.0,20.172258,11.03,172.079,9541920,NURECA.NS,0.025560519651643986,0.011748961786108889,0.012697906157995511,1
2025-06-30,211.47999572753906,303.3500061035156,203.6199951171875,284.79998779296875,495756,341760000.0,8130000.0,2099760000.0,49660000.0,1942840000.0,32410000.0,20.172258,11.03,172.079,9541920,NURECA.NS,0.025560519651643986,0.011748961786108889,0.012697906157995511,0
2025-09-30,284.79998779296875,314.6000061035156,226.0,230.47999572753906,1127680,341760000.0,8130000.0,2099760000.0,49660000.0,1942840000.0,32410000.0,20.172258,11.03,172.079,9541920,NURECA.NS,0.025560519651643986,0.011748961786108889,0.012697906157995511,1
2025-12-31,229.0,343.0,226.83999633789062,307.95001220703125,4053399,396420000.0,37340000.0,2099760000.0,49660000.0,1942840000.0,32410000.0,20.172258,11.03,172.079,9541920,NURECA.NS,0.025560519651643986,0.011748961786108889,0.012697906157995511,0
2026-03-31,316.0,334.5,220.60000610351562,222.5,1146625,396420000.0,37340000.0,2099760000.0,49660000.0,1942840000.0,32410000.0,20.172258,11.03,172.079,9541920,NURECA.NS,0.025560519651643986,0.011748961786108889,0.012697906157995511,0
2016-03-31,139.06367663566127,140.69182974076247,129.86940248449955,135.95103454589844,149828,396420000.0,37340000.0,2099760000.0,49660000.0,1942840000.0,32410000.0,35.34877,34.12,287.91,101359490,POLYMED.NS,0.025560519651643986,0.011748961786108889,0.012697906157995511,1
2016-06-30,135.9989248520606,191.42808055624423,125.12858720890367,187.07034301757812,751120,396420000.0,37340000.0,2099760000.0,49660000.0,1942840000.0,32410000.0,35.34877,34.12,287.91,101359490,POLYMED.NS,0.025560519651643986,0.011748961786108889,0.012697906157995511,0
2016-09-30,186.28023464800006,212.6180407941384,170.50636678592963,182.4216766357422,750054,396420000.0,37340000.0,2099760000.0,49660000.0,1942840000.0,32410000.0,35.34877,34.12,287.91,101359490,POLYMED.NS,0.025560519651643986,0.011748961786108889,0.012697906157995511,1
2016-12-31,189.73387307148565,204.74186864846092,165.6061516401142,183.10415649414062,302650,396420000.0,37340000.0,2099760000.0,49660000.0,1942840000.0,32410000.0,35.34877,34.12,287.91,101359490,POLYMED.NS,0.025560519651643986,0.011748961786108889,0.012697906157995511,1
2017-03-31,187.47868523020045,304.95461249466695,179.30652283034198,261.58233642578125,9717213,396420000.0,37340000.0,2099760000.0,49660000.0,1942840000.0,32410000.0,35.34877,34.12,287.91,101359490,POLYMED.NS,0.025560519651643986,0.011748961786108889,0.012697906157995511,0
2017-06-30,265.8689720788997,308.0612128148175,192.65867660039942,211.53921508789062,2266302,396420000.0,37340000.0,2099760000.0,49660000.0,1942840000.0,32410000.0,35.34877,34.12,287.91,101359490,POLYMED.NS,0.025560519651643986,0.011748961786108889,0.012697906157995511,1
2017-09-30,211.92456187627408,238.89677034906353,184.18169868766827,222.64019775390625,1514185,396420000.0,37340000.0,2099760000.0,49660000.0,1942840000.0,32410000.0,35.34877,34.12,287.91,101359490,POLYMED.NS,0.025560519651643986,0.011748961786108889,0.012697906157995511,1
2017-12-31,222.06090995675126,292.5410670842896,216.94385125915605,269.6109313964844,1581802,396420000.0,37340000.0,2099760000.0,49660000.0,1942840000.0,32410000.0,35.34877,34.12,287.91,101359490,POLYMED.NS,0.025560519651643986,0.011748961786108889,0.012697906157995511,0
2018-03-31,273.18325153759594,292.9756169387236,229.7847701583732,242.43258666992188,1046205,396420000.0,37340000.0,2099760000.0,49660000.0,1942840000.0,32410000.0,35.34877,34.12,287.91,101359490,POLYMED.NS,0.025560519651643986,0.011748961786108889,0.012697906157995511,0
2018-06-30,243.15670901422797,289.64463475662444,170.02141556710762,204.87530517578125,1491899,396420000.0,37340000.0,2099760000.0,49660000.0,1942840000.0,32410000.0,35.34877,34.12,287.91,101359490,POLYMED.NS,0.025560519651643986,0.011748961786108889,0.012697906157995511,1
2018-09-30,201.83405577919063,249.48058723256105,194.73775575422925,208.3443145751953,548428,396420000.0,37340000.0,2099760000.0,49660000.0,1942840000.0,32410000.0,35.34877,34.12,287.91,101359490,POLYMED.NS,0.025560519651643986,0.011748961786108889,0.012697906157995511,1
2018-12-31,231.92678070921497,246.3978451259354,197.91734563036457,216.52993774414062,411264,396420000.0,37340000.0,2099760000.0,49660000.0,1942840000.0,32410000.0,35.34877,34.12,287.91,101359490,POLYMED.NS,0.025560519651643986,0.011748961786108889,0.012697906157995511,0
2019-03-31,219.59958156227015,223.88728248504853,195.33496754288194,210.780517578125,351370,396420000.0,37340000.0,2099760000.0,49660000.0,1942840000.0,32410000.0,35.34877,34.12,287.91,101359490,POLYMED.NS,0.025560519651643986,0.011748961786108889,0.012697906157995511,0
2019-06-30,218.8199910375846,219.50212563504166,160.88702757322585,186.36973571777344,368604,396420000.0,37340000.0,2099760000.0,49660000.0,1942840000.0,32410000.0,35.34877,34.12,287.91,101359490,POLYMED.NS,0.025560519651643986,0.011748961786108889,0.012697906157995511,1
2019-09-30,184.6643956442255,234.83884780276006,162.73853286636765,224.2671661376953,338624,396420000.0,37340000.0,2099760000.0,49660000.0,1942840000.0,32410000.0,35.34877,34.12,287.91,101359490,POLYMED.NS,0.025560519651643986,0.011748961786108889,0.012697906157995511,0
2019-12-31,221.26776043035605,231.88861593214924,187.43838099423175,214.4330291748047,2446480,396420000.0,37340000.0,2099760000.0,49660000.0,1942840000.0,32410000.0,35.34877,34.12,287.91,101359490,POLYMED.NS,0.025560519651643986,0.011748961786108889,0.012697906157995511,1
2020-03-31,214.3838560822788,343.2108862398228,197.9424217491559,230.65240478515625,5725853,396420000.0,37340000.0,2099760000.0,49660000.0,1942840000.0,32410000.0,35.34877,34.12,287.91,101359490,POLYMED.NS,0.025560519651643986,0.011748961786108889,0.012697906157995511,1
2020-06-30,234.01743076204772,320.6667421044889,204.87039157490983,291.3712158203125,6484955,396420000.0,37340000.0,2099760000.0,49660000.0,1942840000.0,32410000.0,35.34877,34.12,287.91,101359490,POLYMED.NS,0.025560519651643986,0.011748961786108889,0.012697906157995511,1
2020-09-30,292.9547559089467,513.9574508398359,287.01648382971126,453.83251953125,19165437,396420000.0,37340000.0,2099760000.0,49660000.0,1942840000.0,32410000.0,35.34877,34.12,287.91,101359490,POLYMED.NS,0.025560519651643986,0.011748961786108889,0.012697906157995511,1
2020-12-31,456.3067619612999,553.0511007831117,444.6281486405967,500.9922790527344,7698091,396420000.0,37340000.0,2099760000.0,49660000.0,1942840000.0,32410000.0,35.34877,34.12,287.91,101359490,POLYMED.NS,0.025560519651643986,0.011748961786108889,0.012697906157995511,1
2021-03-31,500.79432171140974,908.0609012830179,480.0103593232831,813.8897094726562,13484429,396420000.0,37340000.0,2099760000.0,49660000.0,1942840000.0,32410000.0,35.34877,34.12,287.91,101359490,POLYMED.NS,0.025560519651643986,0.011748961786108889,0.012697906157995511,1
2021-06-30,814.7310058164487,1153.014553080957,806.6153545845807,1006.0918579101562,12340706,396420000.0,37340000.0,2099760000.0,49660000.0,1942840000.0,32410000.0,35.34877,34.12,287.91,101359490,POLYMED.NS,0.025560519651643986,0.011748961786108889,0.012697906157995511,0
2021-09-30,1010.4960377507001,1082.9924656941882,812.5535936725914,919.9429321289062,8190312,396420000.0,37340000.0,2099760000.0,49660000.0,1942840000.0,32410000.0,35.34877,34.12,287.91,101359490,POLYMED.NS,0.025560519651643986,0.011748961786108889,0.012697906157995511,1
2021-12-31,915.8251119815185,1069.6202258748708,762.0300726929859,950.5034790039062,5270244,396420000.0,37340000.0,2099760000.0,49660000.0,1942840000.0,32410000.0,35.34877,34.12,287.91,101359490,POLYMED.NS,0.025560519651643986,0.011748961786108889,0.012697906157995511,0
2022-03-31,951.3964513773757,986.2732971413462,680.2705594886658,942.119140625,5004791,396420000.0,37340000.0,2099760000.0,49660000.0,1942840000.0,32410000.0,35.34877,34.12,287.91,101359490,POLYMED.NS,0.025560519651643986,0.011748961786108889,0.012697906157995511,0
2022-06-30,937.6541724846012,940.5812531775148,646.0387522824128,745.0133056640625,2647450,396420000.0,37340000.0,2099760000.0,49660000.0,1942840000.0,32410000.0,35.34877,34.12,287.91,101359490,POLYMED.NS,0.025560519651643986,0.011748961786108889,0.012697906157995511,1
2022-09-30,745.0629913279926,952.5375548653032,704.4809254381777,860.8372192382812,4935481,396420000.0,37340000.0,2099760000.0,49660000.0,1942840000.0,32410000.0,35.34877,34.12,287.91,101359490,POLYMED.NS,0.025560519651643986,0.011748961786108889,0.012697906157995511,1
2022-12-31,862.4290860912689,1039.7304848168721,862.4290860912689,893.322509765625,3182817,396420000.0,37340000.0,2099760000.0,49660000.0,1942840000.0,32410000.0,35.34877,34.12,287.91,101359490,POLYMED.NS,0.025560519651643986,0.011748961786108889,0.012697906157995511,1
2023-03-31,897.5013769167213,1039.7305511520237,816.1635558388832,947.8462524414062,3830895,396420000.0,37340000.0,2099760000.0,49660000.0,1942840000.0,32410000.0,35.34877,34.12,287.91,101359490,POLYMED.NS,0.025560519651643986,0.011748961786108889,0.012697906157995511,1
2023-06-30,952.8707466614529,1183.899821282245,916.455278119261,1144.1016845703125,7491084,396420000.0,37340000.0,2099760000.0,49660000.0,1942840000.0,32410000.0,35.34877,34.12,287.91,101359490,POLYMED.NS,0.025560519651643986,0.011748961786108889,0.012697906157995511,1
2023-09-30,1153.155577873843,1567.0579631387177,1069.579226454268,1370.096923828125,13257101,396420000.0,37340000.0,2099760000.0,49660000.0,1942840000.0,32410000.0,35.34877,34.12,287.91,101359490,POLYMED.NS,0.025560519651643986,0.011748961786108889,0.012697906157995511,1
2023-12-31,1370.0968852240821,1672.0536200771473,1246.4127410133322,1485.5054931640625,5579003,396420000.0,37340000.0,2099760000.0,49660000.0,1942840000.0,32410000.0,35.34877,34.12,287.91,101359490,POLYMED.NS,0.025560519651643986,0.011748961786108889,0.012697906157995511,1
2024-03-31,1485.605261170993,1723.9002441027912,1356.9857328622427,1584.5125732421875,5079108,396420000.0,37340000.0,2099760000.0,49660000.0,1942840000.0,32410000.0,35.34877,34.12,287.91,101359490,POLYMED.NS,0.025560519651643986,0.011748961786108889,0.012697906157995511,1
2024-06-30,1584.5126725504247,2091.6125887288063,1484.2093621009185,1924.8558349609375,8217686,396420000.0,37340000.0,2099760000.0,49660000.0,1942840000.0,32410000.0,35.34877,34.12,287.91,101359490,POLYMED.NS,0.025560519651643986,0.011748961786108889,0.012697906157995511,1
2024-09-30,1944.2983524331003,2678.675899419477,1804.8108705228285,2310.6923828125,9023660,396420000.0,37340000.0,30522636000.0,1606277000.0,25912630000.0,130861000.0,35.34877,34.12,287.91,101359490,POLYMED.NS,0.06198818877126714,0.011748961786108889,0.012697906157995511,1
2024-12-31,2310.9419005466093,3351.91393077756,2273.0585170310346,2610.66552734375,13474023,4242119000.0,852288000.0,30522636000.0,1606277000.0,25912630000.0,130861000.0,35.34877,34.12,287.91,101359490,POLYMED.NS,0.06198818877126714,0.011748961786108889,0.012697906157995511,0
2025-03-31,2615.4072481499734,2871.4075415834327,1964.400446980262,2241.314208984375,9321740,4260193000.0,918343000.0,31924522000.0,1802454000.0,27656579000.0,86988000.0,35.34877,34.12,287.91,101359490,POLYMED.NS,0.06517270266868509,0.02876606891717909,0.03320522758798187,0
2025-06-30,2216.1085159141203,2932.4506243653755,1931.1088780509776,2219.7021484375,11654587,4032107000.0,930829000.0,31924522000.0,1802454000.0,27656579000.0,86988000.0,35.34877,34.12,287.91,101359490,POLYMED.NS,0.06517270266868509,0.02876606891717909,0.03320522758798187,0
2025-09-30,2223.994515863722,2312.5391609099993,1818.0073794900068,1948.0999755859375,10625163,4438816000.0,918350000.0,35871817000.0,2395549000.0,29183496000.0,264430000.0,35.34877,34.12,287.91,101359490,POLYMED.NS,0.08208574462771698,0.025600877702961072,0.03146812842436698,0
2025-12-31,1945.199951171875,2094.300048828125,1683.0999755859375,1773.699951171875,12027953,4936555000.0,709302000.0,35871817000.0,2395549000.0,29183496000.0,264430000.0,35.34877,34.12,287.91,101359490,POLYMED.NS,0.08208574462771698,0.025600877702961072,0.03146812842436698,0
2026-03-31,1762.0,1839.0,1195.5999755859375,1206.0999755859375,14732138,4936555000.0,709302000.0,35871817000.0,2395549000.0,29183496000.0,264430000.0,35.34877,34.12,287.91,101359490,POLYMED.NS,0.08208574462771698,0.025600877702961072,0.03146812842436698,0
2022-12-31,126.45425553341164,232.95242516332308,122.5025482116584,176.69017028808594,8055000,4936555000.0,709302000.0,35871817000.0,2395549000.0,29183496000.0,264430000.0,17.110294,34.12,57.715,18055298,QMSMEDI.NS,0.08208574462771698,0.025600877702961072,0.03146812842436698,0
2023-03-31,181.28401188320584,210.42777929389612,119.5387840719784,129.12164306640625,2387000,4936555000.0,709302000.0,35871817000.0,2395549000.0,29183496000.0,264430000.0,17.110294,34.12,57.715,18055298,QMSMEDI.NS,0.08208574462771698,0.025600877702961072,0.03146812842436698,1
2023-06-30,129.41801449763125,166.9097183081804,120.03272495174993,149.67044067382812,2497000,4936555000.0,709302000.0,35871817000.0,2395549000.0,29183496000.0,264430000.0,17.110294,34.12,57.715,18055298,QMSMEDI.NS,0.08208574462771698,0.025600877702961072,0.03146812842436698,0
2023-09-30,150.75716502105954,175.65283568383458,128.43008422851562,132.4261016845703,1461000,4936555000.0,709302000.0,35871817000.0,2395549000.0,29183496000.0,264430000.0,17.110294,34.12,57.715,18055298,QMSMEDI.NS,0.08208574462771698,0.025600877702961072,0.03146812842436698,0
2023-12-31,135.7974783412283,170.55251881662576,123.99763035940852,126.0799560546875,2490000,4936555000.0,709302000.0,35871817000.0,2395549000.0,29183496000.0,264430000.0,17.110294,34.12,57.715,18055298,QMSMEDI.NS,0.08208574462771698,0.025600877702961072,0.03146812842436698,0
2024-03-31,129.69925151027982,187.40945497438318,112.19777696949258,116.06495666503906,4947000,4936555000.0,709302000.0,35871817000.0,2395549000.0,29183496000.0,264430000.0,17.110294,34.12,57.715,18055298,QMSMEDI.NS,0.08208574462771698,0.025600877702961072,0.03146812842436698,1
2024-06-30,116.5111626341752,143.68056501720906,89.4904972076416,131.0874481201172,2211000,4936555000.0,709302000.0,35871817000.0,2395549000.0,29183496000.0,264430000.0,17.110294,34.12,57.715,18055298,QMSMEDI.NS,0.08208574462771698,0.025600877702961072,0.03146812842436698,0
2024-09-30,131.88073783650864,152.60482530135394,106.84321414099799,121.9844741821289,2527000,371988000.0,34387000.0,1718471000.0,510817000.0,843478000.0,4820000.0,17.110294,34.12,57.715,18055298,QMSMEDI.NS,0.6056079708065889,0.020010230024248298,0.040768105392197544,0
2024-12-31,120.98909413034775,122.93009444414558,100.13576241614054,112.92646789550781,713000,438655000.0,34627000.0,1718471000.0,510817000.0,843478000.0,4820000.0,17.110294,34.12,57.715,18055298,QMSMEDI.NS,0.6056079708065889,0.020010230024248298,0.040768105392197544,0
2025-03-31,113.47393267495292,119.44624058609591,72.01613149532083,74.45482635498047,925000,445823000.0,20011000.0,1897949000.0,602855000.0,897136000.0,10652000.0,17.110294,34.12,57.715,18055298,QMSMEDI.NS,0.671977269889961,0.010543486679568313,0.022305425264396925,1
2025-06-30,79.53128944292895,113.4739336918079,79.53128944292895,82.31836700439453,699000,464950000.0,29285000.0,1897949000.0,602855000.0,897136000.0,10652000.0,17.110294,34.12,57.715,18055298,QMSMEDI.NS,0.671977269889961,0.010543486679568313,0.022305425264396925,1
2025-09-30,82.66675705557918,109.99007844228815,73.6585189087453,98.0999984741211,1796426,447000000.0,31192000.0,2099732000.0,649368000.0,1052776000.0,21380000.0,17.110294,34.12,57.715,18055298,QMSMEDI.NS,0.6168149729857063,0.014855229143528794,0.029628334992439036,0
2025-12-31,98.19999694824219,108.0,88.0,89.5999984741211,921000,447000000.0,31192000.0,2099732000.0,649368000.0,1052776000.0,21380000.0,17.110294,34.12,57.715,18055298,QMSMEDI.NS,0.6168149729857063,0.014855229143528794,0.029628334992439036,0
2026-03-31,87.80000305175781,97.69999694824219,68.94999694824219,78.0,407000,447000000.0,31192000.0,2099732000.0,649368000.0,1052776000.0,21380000.0,17.110294,34.12,57.715,18055298,QMSMEDI.NS,0.6168149729857063,0.014855229143528794,0.029628334992439036,0
2021-12-31,679.0876567437805,920.9504164935239,578.9670189901489,642.2456665039062,38593682,447000000.0,31192000.0,2099732000.0,649368000.0,1052776000.0,21380000.0,46.322918,3.84,116.952,53206281,TARSONS.NS,0.6168149729857063,0.014855229143528794,0.029628334992439036,1
2022-03-31,637.7648662020074,756.3562751230563,536.3995691824215,699.9481811523438,12400514,447000000.0,31192000.0,2099732000.0,649368000.0,1052776000.0,21380000.0,46.322918,3.84,116.952,53206281,TARSONS.NS,0.6168149729857063,0.014855229143528794,0.029628334992439036,1
2022-06-30,699.0022521270522,786.626447324964,597.4875612349327,712.1458740234375,6305645,447000000.0,31192000.0,2099732000.0,649368000.0,1052776000.0,21380000.0,46.322918,3.84,116.952,53206281,TARSONS.NS,0.6168149729857063,0.014855229143528794,0.029628334992439036,1
2022-09-30,711.9467486769032,910.5450125132011,681.3280561434904,812.0673217773438,14740867,447000000.0,31192000.0,2099732000.0,649368000.0,1052776000.0,21380000.0,46.322918,3.84,116.952,53206281,TARSONS.NS,0.6168149729857063,0.014855229143528794,0.029628334992439036,0
2022-12-31,814.5068534364194,844.3290171559298,661.7121327633371,691.4844970703125,6084642,447000000.0,31192000.0,2099732000.0,649368000.0,1052776000.0,21380000.0,46.322918,3.84,116.952,53206281,TARSONS.NS,0.6168149729857063,0.014855229143528794,0.029628334992439036,0
2023-03-31,694.7206171101694,719.8129824750623,498.9601546475566,529.8775634765625,3670321,447000000.0,31192000.0,2099732000.0,649368000.0,1052776000.0,21380000.0,46.322918,3.84,116.952,53206281,TARSONS.NS,0.6168149729857063,0.014855229143528794,0.029628334992439036,1
2023-06-30,532.6158583067788,622.380837578747,521.2644793772978,599.67822265625,5413668,447000000.0,31192000.0,2099732000.0,649368000.0,1052776000.0,21380000.0,46.322918,3.84,116.952,53206281,TARSONS.NS,0.6168149729857063,0.014855229143528794,0.029628334992439036,0
2023-09-30,606.3496033674753,643.6396947509611,502.6443380620678,523.7537841796875,8564452,447000000.0,31192000.0,2099732000.0,649368000.0,1052776000.0,21380000.0,46.322918,3.84,116.952,53206281,TARSONS.NS,0.6168149729857063,0.014855229143528794,0.029628334992439036,1
2023-12-31,527.6372038192264,571.9471581005077,442.25332093627827,525.0482788085938,9192192,447000000.0,31192000.0,2099732000.0,649368000.0,1052776000.0,21380000.0,46.322918,3.84,116.952,53206281,TARSONS.NS,0.6168149729857063,0.014855229143528794,0.029628334992439036,0
2024-03-31,525.4963692821206,545.1620077820959,388.33458693691057,391.9192199707031,6932563,447000000.0,31192000.0,2099732000.0,649368000.0,1052776000.0,21380000.0,46.322918,3.84,116.952,53206281,TARSONS.NS,0.6168149729857063,0.014855229143528794,0.029628334992439036,1
2024-06-30,404.1168986471404,535.7025689563492,387.4384402199542,497.466552734375,5179253,447000000.0,31192000.0,2099732000.0,649368000.0,1052776000.0,21380000.0,46.322918,3.84,116.952,53206281,TARSONS.NS,0.6168149729857063,0.014855229143528794,0.029628334992439036,0
2024-09-30,520.7666319447651,541.5774251374861,418.2064750923839,443.5,5139950,447000000.0,31192000.0,10543010000.0,3169880000.0,6139060000.0,199640000.0,46.322918,3.84,116.952,53206281,TARSONS.NS,0.5163461507136272,0.014855229143528794,0.029628334992439036,0
2024-12-31,439.45001220703125,464.29998779296875,378.0,403.6499938964844,3959524,956770000.0,52590000.0,10543010000.0,3169880000.0,6139060000.0,199640000.0,46.322918,3.84,116.952,53206281,TARSONS.NS,0.5163461507136272,0.014855229143528794,0.029628334992439036,0
2025-03-31,404.0,422.8999938964844,280.0,301.8500061035156,4254679,1109040000.0,102030000.0,10800400000.0,3391660000.0,6302110000.0,251310000.0,46.322918,3.84,116.952,53206281,TARSONS.NS,0.5381784830794766,0.009446872338061553,0.01618981579185384,1
2025-06-30,297.29998779296875,458.0,297.29998779296875,395.70001220703125,5251922,913640000.0,17830000.0,10800400000.0,3391660000.0,6302110000.0,251310000.0,46.322918,3.84,116.952,53206281,TARSONS.NS,0.5381784830794766,0.009446872338061553,0.01618981579185384,0
2025-09-30,395.0,402.8500061035156,301.79998779296875,305.1499938964844,3280285,1023290000.0,33220000.0,11637280000.0,3959230000.0,6266340000.0,258920000.0,46.322918,3.84,116.952,53206281,TARSONS.NS,0.6318249568328562,0.002854618948757785,0.00530134017624323,0
2025-12-31,305.0,309.95001220703125,198.0,233.3000030517578,29736415,1078930000.0,50360000.0,11637280000.0,3959230000.0,6266340000.0,258920000.0,46.322918,3.84,116.952,53206281,TARSONS.NS,0.6318249568328562,0.002854618948757785,0.00530134017624323,0
2026-03-31,235.1699981689453,237.0,174.91000366210938,177.8800048828125,7931125,1078930000.0,50360000.0,11637280000.0,3959230000.0,6266340000.0,258920000.0,46.322918,3.84,116.952,53206281,TARSONS.NS,0.6318249568328562,0.002854618948757785,0.00530134017624323,0
